config_name,attributes,num_attributes,num_runs,avg_attempts,min_attempts,max_attempts,success_rate,total_time,avg_time_per_solve
Only_evolutionary_stage,evolutionary_stage,1,1000,1.779,1,3,100.0,2.2778513431549072,0.0022778513431549073
Height_evolutionary_stage,"Height, evolutionary_stage",2,1000,4.746,1,11,98.6,14.794695854187012,0.014794695854187011
Only_Height,Height,1,1000,4.749,1,11,99.4,8.03940200805664,0.008039402008056641
Generation_evolutionary_stage,"Generation, evolutionary_stage",2,1000,4.932,1,9,100.0,14.553145170211792,0.014553145170211793
Only_Generation,Generation,1,1000,4.942,1,9,100.0,10.098369121551514,0.010098369121551513
Only_Color,Color,1,1000,5.175,1,10,100.0,12.074198246002197,0.012074198246002197
Color_evolutionary_stage,"Color, evolutionary_stage",2,1000,5.523,1,10,100.0,20.391730546951294,0.020391730546951294
Gen_Hei_evo,"Generation, Height, evolutionary_stage",3,1000,5.614,1,11,99.6,21.445444583892822,0.021445444583892824
Only_Type2,Type2,1,1000,5.693,1,11,64.8,14.108623504638672,0.014108623504638672
Hei_Col_evo,"Height, Color, evolutionary_stage",3,1000,5.695,1,10,100.0,22.471318244934082,0.02247131824493408
Type2_evolutionary_stage,"Type2, evolutionary_stage",2,1000,5.771,1,11,70.3,19.615628957748413,0.01961562895774841
Gen_Hei_Col,"Generation, Height, Color",3,1000,5.777,1,10,100.0,23.825613021850586,0.023825613021850586
Gen_Hei_Wei,"Generation, Height, Weight",3,1000,5.873,1,11,99.6,24.44355058670044,0.02444355058670044
Hei_Wei_Col,"Height, Weight, Color",3,1000,5.937,1,11,99.7,24.621017694473267,0.024621017694473266
Generation_Height,"Generation, Height",2,1000,5.95,1,11,99.9,18.431333303451538,0.01843133330345154
Height_Color,"Height, Color",2,1000,6.119,1,11,99.7,19.90612030029297,0.01990612030029297
Hei_Wei_evo,"Height, Weight, evolutionary_stage",3,1000,6.239,2,11,97.39999999999999,25.6495099067688,0.0256495099067688
Gen_Col_evo,"Generation, Color, evolutionary_stage",3,1000,6.268,1,10,100.0,28.177001237869263,0.028177001237869263
Generation_Color,"Generation, Color",2,1000,6.339,1,10,100.0,21.440065383911133,0.021440065383911133
Hei_Typ_evo,"Height, Type2, evolutionary_stage",3,1000,6.419,1,11,83.5,24.789223670959473,0.02478922367095947
Gen_Wei_Col,"Generation, Weight, Color",3,1000,6.456,1,11,98.9,28.753889083862305,0.028753889083862304
Gen_Hei_Typ,"Generation, Height, Type2",3,1000,6.631,1,11,92.0,27.0687255859375,0.0270687255859375
Type1_Color,"Type1, Color",2,1000,6.751,1,11,83.3,32.21610975265503,0.03221610975265503
Hei_Typ_Col,"Height, Type2, Color",3,1000,6.813,1,11,91.5,27.540576219558716,0.027540576219558716
Wei_Col_evo,"Weight, Color, evolutionary_stage",3,1000,6.846,1,11,94.39999999999999,30.540823698043823,0.030540823698043822
Height_Type2,"Height, Type2",2,1000,6.846,1,11,76.7,20.032017707824707,0.020032017707824708
Hei_Wei_Typ,"Height, Weight, Type2",3,1000,6.947,2,11,93.0,27.888752698898315,0.027888752698898317
Gen_Wei_evo,"Generation, Weight, evolutionary_stage",3,1000,6.963,1,11,95.6,33.09842848777771,0.03309842848777771
Only_Type1,Type1,1,1000,6.987,1,11,68.8,25.628506422042847,0.025628506422042847
Height_Type1,"Height, Type1",2,1000,7.046,1,11,80.7,26.17398476600647,0.02617398476600647
Gen_Typ_evo,"Generation, Type2, evolutionary_stage",3,1000,7.059,1,11,76.0,31.468400716781616,0.031468400716781614
Type1_evolutionary_stage,"Type1, evolutionary_stage",2,1000,7.062,1,11,72.1,33.30158066749573,0.03330158066749573
Height_Weight,"Height, Weight",2,1000,7.137,2,11,90.60000000000001,24.3542423248291,0.024354242324829103
Typ_Col_evo,"Type2, Color, evolutionary_stage",3,1000,7.285,1,11,74.9,37.683202505111694,0.037683202505111695
Hei_Typ_Typ,"Height, Type1, Type2",3,1000,7.323,1,11,79.10000000000001,31.567092657089233,0.031567092657089235
Generation_Type2,"Generation, Type2",2,1000,7.327,1,11,70.8,24.52449369430542,0.02452449369430542
Typ_Typ_Col,"Type1, Type2, Color",3,1000,7.387,1,11,78.10000000000001,41.343936920166016,0.04134393692016602
Gen_Wei_Typ,"Generation, Weight, Type2",3,1000,7.464,1,11,89.9,34.163395404815674,0.03416339540481567
Wei_Typ_Col,"Weight, Type2, Color",3,1000,7.467,1,11,89.60000000000001,32.85463762283325,0.03285463762283325
Gen_Typ_Col,"Generation, Type2, Color",3,1000,7.5,1,11,82.0,36.94183135032654,0.03694183135032654
Generation_Type1,"Generation, Type1",2,1000,7.512,1,11,76.1,31.569478273391724,0.031569478273391724
Wei_Typ_Typ,"Weight, Type1, Type2",3,1000,7.527,1,11,87.8,33.848230600357056,0.033848230600357056
Type2_Color,"Type2, Color",2,1000,7.55,1,11,70.89999999999999,31.438608646392822,0.03143860864639282
Gen_Typ_Typ,"Generation, Type1, Type2",3,1000,7.751,1,11,74.7,38.422348976135254,0.03842234897613525
Weight_Type1,"Weight, Type1",2,1000,7.892,1,11,84.5,32.78487038612366,0.032784870386123655
Generation_Weight,"Generation, Weight",2,1000,7.956,2,11,85.7,29.823351860046387,0.029823351860046386
Typ_Typ_evo,"Type1, Type2, evolutionary_stage",3,1000,7.972,1,11,59.699999999999996,43.74789881706238,0.043747898817062376
Weight_Color,"Weight, Color",2,1000,7.994,1,11,84.5,32.52057361602783,0.03252057361602783
Wei_Typ_evo,"Weight, Type2, evolutionary_stage",3,1000,8.149,1,11,75.0,36.22509813308716,0.03622509813308716
Type1_Type2,"Type1, Type2",2,1000,8.238,1,11,55.00000000000001,38.368967056274414,0.03836896705627441
Weight_evolutionary_stage,"Weight, evolutionary_stage",2,1000,8.275,1,11,72.3,32.89008808135986,0.03289008808135986
Weight_Type2,"Weight, Type2",2,1000,8.85,1,11,60.8,31.29754066467285,0.03129754066467285
Only_Weight,Weight,1,1000,9.12,1,11,58.699999999999996,23.029417753219604,0.023029417753219605